"192.168.0.1,SQL_REQUEST,SQL_RESPONSE"
"192.168.0.1,HTTP_REQUEST,HTTP_REPONSE"
"192.168.0.1,SQL_REQUEST,192.168.0.3,SQL_TAMPERED"
"192.168.0.1,SQL_REQUEST,192.168.0.3,SQL_TAMPERED"
"192.168.0.1,SQL_REQUEST,192.168.0.3,SQL_TAMPERED"
"192.168.0.1,SQL_REQUEST,192.168.0.3,SQL_TAMPERED"
"192.168.0.1,SQL_REQUEST,192.168.0.3,SQL_TAMPERED"
"192.168.0.1,HTTP_REQUEST,192.168.0.3,HEADER_SPOOFED"
"192.168.0.1,HTTP_REQUEST,192.168.0.3,HEADER_SPOOFED"
"192.168.0.1,HTTP_REQUEST,192.168.0.3,HEADER_SPOOFED"
"192.168.0.1,HTTP_REQUEST,192.168.0.3,HEADER_SPOOFED"
"192.168.0.1,HTTP_REQUEST,192.168.0.3,HEADER_SPOOFED"
"192.168.0.1,HTTP_REQUEST,192.168.0.3,HEADER_SPOOFED"
"192.168.0.1,HTTP_REQUEST,192.168.0.3,HEADER_SPOOFED"
"192.168.0.1,HTTP_REQUEST,192.168.0.3,HEADER_SPOOFED"
"192.168.0.1,HTTP_REQUEST,192.168.0.3,HEADER_SPOOFED"
"192.168.0.1,HTTP_REQUEST,192.168.0.3,HEADER_SPOOFED"
"192.168.0.1,HTTP_REQUEST,192.168.0.3,HEADER_SPOOFED"
"192.168.0.1,HTTP_REQUEST,192.168.0.3,HEADER_SPOOFED"
"192.168.0.1,HTTP_REQUEST,192.168.0.4,HEADER_SPOOFED"
"192.168.0.1,HTTP_REQUEST,192.168.0.10,HEADER_SPOOFED"
"192.168.0.1,SQL_REQUEST,SQL_RESPONSE"
"192.168.0.1,HTTP_REQUEST,HTTP_REPONSE"
"192.168.0.1,SQL_REQUEST,192.168.0.3,SQL_TAMPERED"
"192.168.0.1,HTTP_REQUEST,192.168.0.3,192.168.0.4,HEADER_SPOOFED"
"192.168.0.1,HTTP_REQUEST,192.168.0.3,192.168.0.10,HEADER_SPOOFED"
"192.168.0.1,HTTP_REQUEST,192.168.0.3,192.168.0.10,192.168.0.7,HEADER_SPOOFED"
"192.168.0.20,HTTP_REQUEST,HTTP_REPONSE"
"192.168.0.20,SQL_REQUEST,SQL_RESPONSE"
"192.168.0.20,HTTP_REQUEST,HTTP_REPONSE"
"192.168.0.20,SQL_REQUEST,SQL_RESPONSE"
"192.168.0.20,HTTP_REQUEST,HTTP_REPONSE"
"192.168.0.20,SQL_REQUEST,SQL_RESPONSE"
"192.168.0.20,HTTP_REQUEST,HTTP_REPONSE"
"192.168.0.20,SQL_REQUEST,SQL_RESPONSE"
